IP,Date,Time,Accepted cookies,Device type,Browser language,Browser name,OS Name,Country,Region,RegionName,City,Zipcode,Lat,Lon
223.185.37.173,2025-11-19,12:25:17 UTC,necessary,desktop,en,Chrome,Windows,India,MH,Maharashtra,Nagpur,440022,21.1463,79.0849
223.185.37.173,2025-11-19,12:33:19 UTC,necessary,desktop,en,Chrome,Windows,India,MH,Maharashtra,Nagpur,440022,21.1463,79.0849
223.185.42.17,2025-11-20,05:29:39 UTC,necessary,desktop,en,Edge,Windows,India,MH,Maharashtra,Nagpur,440001,21.1463,79.0849
223.185.42.17,2025-11-20,05:45:50 UTC,necessary,desktop,en,Firefox,Windows,India,MH,Maharashtra,Nagpur,440001,21.1463,79.0849
223.185.42.17,2025-11-20,06:17:05 UTC,necessary,desktop,en,Chrome,Windows,India,MH,Maharashtra,Nagpur,440001,21.1463,79.0849
223.185.42.17,2025-11-20,06:36:41 UTC,necessary,desktop,en,Chrome,Windows,India,MH,Maharashtra,Nagpur,440001,21.1463,79.0849
223.185.36.129,2025-11-22,11:31:58 UTC,necessary,desktop,en,Chrome,Windows,India,MH,Maharashtra,Nagpur,440022,21.1463,79.0849
223.185.39.181,2025-12-13,11:08:19 UTC,necessary,desktop,en,Chrome,Windows,India,MH,Maharashtra,Nagpur,440015,21.1463,79.0849
223.185.39.181,2025-12-13,11:38:28 UTC,necessary,desktop,en,Chrome,Windows,India,MH,Maharashtra,Nagpur,440015,21.1463,79.0849
103.220.81.122,2025-12-13,12:50:01 UTC,necessary,desktop,en,Chrome,Windows,India,MH,Maharashtra,Thāne,400605,19.1963,72.9675
223.228.138.76,2025-12-22,09:54:38 UTC,necessary,mobile,en,Chrome,Android,India,MH,Maharashtra,Pune,411004,18.5211,73.8502
106.216.242.220,2025-12-22,09:57:40 UTC,necessary,mobile,en,Chrome,Android,India,MH,Maharashtra,Pune,411007,18.5211,73.8502
49.36.35.183,2025-12-22,10:09:53 UTC,necessary,desktop,en,Chrome,Windows,India,MH,Maharashtra,Nagpur,440015,21.1463,79.0849
47.11.13.163,2025-12-22,10:11:41 UTC,necessary,mobile,en,Chrome,Android,India,MH,Maharashtra,Nagpur,440022,21.1463,79.0849
47.11.20.130,2025-12-22,10:16:25 UTC,necessary,mobile,en,Chrome,Android,India,MH,Maharashtra,Nagpur,440010,21.1463,79.0849
223.185.37.98,2025-12-29,07:35:56 UTC,necessary,desktop,en,Chrome,Windows,India,MH,Maharashtra,Nagpur,440015,21.1463,79.0849
223.185.37.98,2025-12-29,08:39:36 UTC,necessary,desktop,en,Chrome,Windows,India,MH,Maharashtra,Nagpur,440015,21.1463,79.0849
223.185.37.98,2025-12-29,11:17:33 UTC,necessary,desktop,en,Chrome,Windows,India,MH,Maharashtra,Nagpur,440015,21.1463,79.0849
223.185.37.0,2026-01-03,06:41:33 UTC,necessary,desktop,en,Opera,Windows,India,MH,Maharashtra,Nagpur,440015,21.1463,79.0849
223.185.37.0,2026-01-03,07:15:52 UTC,necessary,mobile,en,Chrome,Android,India,MH,Maharashtra,Nagpur,440015,21.1463,79.0849
223.185.37.0,2026-01-03,08:33:49 UTC,necessary,mobile,en,,Android,India,MH,Maharashtra,Nagpur,440015,21.1463,79.0849
223.185.37.0,2026-01-03,10:23:12 UTC,necessary,mobile,en,,Android,India,MH,Maharashtra,Nagpur,440015,21.1463,79.0849
223.185.37.0,2026-01-03,10:27:03 UTC,necessary,mobile,en,,Android,India,MH,Maharashtra,Nagpur,440015,21.1463,79.0849
223.185.37.0,2026-01-03,10:36:51 UTC,necessary,mobile,en,,Android,India,MH,Maharashtra,Nagpur,440015,21.1463,79.0849
223.185.37.0,2026-01-05,05:46:31 UTC,necessary,desktop,en,Chrome,Windows,India,MH,Maharashtra,Nagpur,440015,21.1463,79.0849
223.185.37.0,2026-01-05,05:52:59 UTC,necessary,desktop,en,Chrome,Windows,India,MH,Maharashtra,Nagpur,440015,21.1463,79.0849
223.185.37.0,2026-01-05,05:54:53 UTC,necessary,mobile,en,,Android,India,MH,Maharashtra,Nagpur,440015,21.1463,79.0849
223.185.37.0,2026-01-05,06:04:42 UTC,necessary,desktop,en,Chrome,Windows,India,MH,Maharashtra,Nagpur,440015,21.1463,79.0849
223.185.37.0,2026-01-05,06:09:29 UTC,necessary,mobile,en,,Android,India,MH,Maharashtra,Nagpur,440015,21.1463,79.0849
223.185.37.0,2026-01-05,06:10:36 UTC,necessary,mobile,en,,Android,India,MH,Maharashtra,Nagpur,440015,21.1463,79.0849
103.219.165.71,2026-01-07,10:51:49 UTC,necessary,desktop,en,Chrome,Windows,India,MH,Maharashtra,Bhiwandi,421308,19.3121,73.0607
223.185.43.235,2026-01-08,09:23:05 UTC,necessary,desktop,en,Opera,Windows,India,MH,Maharashtra,Nagpur,440013,21.1463,79.0849
223.185.43.235,2026-01-08,12:37:19 UTC,necessary,desktop,en,Opera,Windows,India,MH,Maharashtra,Nagpur,440013,21.1463,79.0849
223.185.43.104,2026-01-10,12:49:02 UTC,necessary,desktop,en,Chrome,Windows,India,MH,Maharashtra,Nagpur,440022,21.1463,79.0849
223.185.38.115,2026-01-13,11:58:22 UTC,necessary,mobile,en,,Android,India,MH,Maharashtra,Aurangabad,431001,19.8776,75.3423
223.185.43.228,2026-01-15,07:43:56 UTC,necessary,mobile,en,,Android,India,MH,Maharashtra,Nagpur,440022,21.1463,79.0849
223.185.36.77,2026-01-15,11:02:17 UTC,necessary,mobile,en,,Android,India,MH,Maharashtra,Aurangabad,431001,19.8776,75.3423
223.185.40.91,2026-01-19,06:53:57 UTC,necessary,mobile,en,Chrome,Android,India,MH,Maharashtra,Nagpur,440022,21.1463,79.0849
117.222.3.168,2026-01-20,06:37:15 UTC,necessary,mobile,en,,Android,India,MH,Maharashtra,Nagpur,440015,21.1463,79.0849
103.220.81.177,2026-01-20,06:42:12 UTC,necessary,mobile,en,,Android,India,MH,Maharashtra,Thāne,421204,19.1963,72.9675
106.220.135.74,2026-01-20,06:48:43 UTC,necessary,mobile,en,,Android,India,MH,Maharashtra,Pune,411018,18.5211,73.8502
103.220.81.177,2026-01-20,07:18:03 UTC,necessary,mobile,en,,Android,India,MH,Maharashtra,Thāne,421204,19.1963,72.9675
106.193.221.8,2026-01-20,07:20:15 UTC,necessary,mobile,en,,Android,India,MH,Maharashtra,Mumbai,400017,19.0748,72.8856
223.185.40.12,2026-01-20,09:58:16 UTC,necessary,desktop,en,Chrome,Windows,India,MH,Maharashtra,Nagpur,440022,21.1463,79.0849
103.171.132.19,2026-01-21,14:33:00 UTC,necessary,mobile,en,,Android,India,MH,Maharashtra,Pune,411006,18.5211,73.8502
103.48.56.96,2026-01-22,04:40:55 UTC,necessary,mobile,en,,Android,India,MH,Maharashtra,Mumbai,400017,19.0748,72.8856
103.48.56.96,2026-01-22,08:06:42 UTC,necessary,mobile,en,,Android,India,MH,Maharashtra,Mumbai,400017,19.0748,72.8856
223.185.37.117,2026-01-22,09:03:37 UTC,necessary,desktop,en,Chrome,Windows,India,MH,Maharashtra,Aurangabad,431001,19.8776,75.3423
157.33.244.66,2026-01-22,09:18:01 UTC,necessary,mobile,en,,Android,India,MH,Maharashtra,Mumbai,400017,19.0748,72.8856
223.185.41.48,2026-01-29,11:39:08 UTC,necessary,mobile,en,,Android,India,MH,Maharashtra,Nagpur,440022,21.1463,79.0849
223.185.39.171,2026-02-02,07:01:25 UTC,necessary,desktop,en,Chrome,Windows,India,MH,Maharashtra,Aurangabad,431001,19.8776,75.3423
106.192.113.168,2026-02-11,16:00:29 UTC,necessary,mobile,en,,Android,India,MH,Maharashtra,Pune,411001,18.5211,73.8502
49.36.41.193,2026-02-14,12:20:38 UTC,necessary,mobile,en,,Android,India,MH,Maharashtra,Nagpur,440015,21.1463,79.0849
106.221.213.23,2026-02-14,16:12:24 UTC,necessary,mobile,en,,Android,India,MH,Maharashtra,Pune,411019,18.5211,73.8502
106.221.211.205,2026-02-17,10:20:21 UTC,necessary,mobile,en,,Android,India,MH,Maharashtra,Pune,411005,18.5211,73.8502
117.222.42.3,2026-02-19,12:16:26 UTC,necessary,mobile,en,,Android,India,MH,Maharashtra,Nagpur,440010,21.1463,79.0849
49.36.45.171,2026-02-21,06:17:13 UTC,necessary,desktop,en,Edge,Windows,India,MH,Maharashtra,Nagpur,440010,21.1463,79.0849
103.220.81.173,2026-02-26,04:00:44 UTC,necessary,mobile,en,,Android,India,MH,Maharashtra,Thane,421204,19.1963,72.9675
27.97.170.180,2026-03-06,07:48:35 UTC,necessary,mobile,en,,Android,India,MH,Maharashtra,Nagpur,440013,21.1463,79.0849
152.59.63.231,2026-03-06,11:41:07 UTC,necessary,mobile,en,,Android,India,MH,Maharashtra,Pune,411001,18.5211,73.8502
223.228.129.194,2026-03-18,08:14:52 UTC,necessary,mobile,en,,Android,India,MH,Maharashtra,Pune,411002,18.5211,73.8502
106.221.216.129,2026-03-21,13:44:08 UTC,necessary,mobile,en,,Android,India,MH,Maharashtra,Pune,411015,18.5211,73.8502
152.58.6.219,2026-03-25,03:59:21 UTC,necessary,mobile,en,,Android,India,MH,Maharashtra,Kolhāpur,416122,16.6956,74.2317
47.11.23.194,2026-03-31,06:46:54 UTC,necessary,mobile,en,,Android,India,MH,Maharashtra,Nagpur,440002,21.1463,79.0849
103.219.165.41,2026-04-06,09:52:36 UTC,necessary,mobile,en,,Android,India,MH,Maharashtra,Thane,400604,19.1963,72.9675
103.48.56.48,2026-04-07,04:24:34 UTC,necessary,mobile,en,,Android,India,MH,Maharashtra,Thane,400605,19.1963,72.9675
49.36.34.170,2026-04-09,11:37:20 UTC,necessary,desktop,en,Chrome,Windows,India,MH,Maharashtra,Nagpur,440010,21.1463,79.0849
103.48.56.120,2026-04-16,05:11:19 UTC,necessary,desktop,en,Chrome,Windows,India,MH,Maharashtra,Thane,400605,19.1963,72.9675
103.48.56.120,2026-04-16,06:16:32 UTC,necessary,desktop,en,Chrome,Windows,India,MH,Maharashtra,Thane,400605,19.1963,72.9675
49.36.35.185,2026-04-28,06:32:28 UTC,necessary,desktop,en,Edge,Windows,India,MH,Maharashtra,Nagpur,440010,21.1463,79.0849
103.220.81.207,2026-04-29,12:08:52 UTC,necessary,mobile,en,,Android,India,MH,Maharashtra,Thane,421204,19.1963,72.9675
103.220.81.207,2026-04-29,12:17:00 UTC,necessary,mobile,en,,Android,India,MH,Maharashtra,Thane,421204,19.1963,72.9675
103.220.81.207,2026-04-29,12:17:24 UTC,necessary,mobile,en,,Android,India,MH,Maharashtra,Thane,421204,19.1963,72.9675
103.220.81.207,2026-04-29,12:26:31 UTC,necessary,mobile,en,,Android,India,MH,Maharashtra,Thane,421204,19.1963,72.9675
117.222.49.218,2026-04-29,12:54:38 UTC,necessary,mobile,en,,Android,India,MH,Maharashtra,Nagpur,440016,21.1463,79.0849
106.192.131.158,2026-05-06,07:19:20 UTC,necessary,mobile,en,Chrome,Android,India,MH,Maharashtra,Pune,411017,18.5211,73.8502
49.36.33.85,2026-05-06,07:20:05 UTC,necessary,desktop,en,Chrome,Windows,India,MH,Maharashtra,Nagpur,440010,21.1463,79.0849
49.36.33.85,2026-05-06,07:20:54 UTC,necessary,desktop,en,Chrome,Windows,India,MH,Maharashtra,Nagpur,440010,21.1463,79.0849
103.48.56.25,2026-05-06,08:36:43 UTC,necessary,mobile,en,,Android,India,MH,Maharashtra,Thane,400605,19.1963,72.9675
223.228.32.132,2026-05-06,09:22:34 UTC,necessary,mobile,en,Safari,iOS,India,MH,Maharashtra,Pune,411019,18.5211,73.8502
103.48.56.25,2026-05-06,10:04:03 UTC,necessary,mobile,en,,Android,India,MH,Maharashtra,Thane,400605,19.1963,72.9675
106.192.125.67,2026-05-08,11:54:14 UTC,necessary,mobile,en,,Android,India,MH,Maharashtra,Pune,411019,18.5211,73.8502
49.36.35.183,2026-05-11,05:04:24 UTC,necessary,mobile,en,Safari,iOS,India,MH,Maharashtra,Nagpur,440010,21.1463,79.0849
103.48.56.47,2026-05-11,05:24:32 UTC,necessary,mobile,en,Safari,iOS,India,MH,Maharashtra,Thane,400605,19.1963,72.9675
103.48.56.47,2026-05-11,05:41:14 UTC,necessary,mobile,en,Safari,iOS,India,MH,Maharashtra,Thane,400605,19.1963,72.9675
103.48.56.47,2026-05-11,06:35:54 UTC,necessary,mobile,en,,Android,India,MH,Maharashtra,Thane,400605,19.1963,72.9675
103.48.56.47,2026-05-11,07:35:12 UTC,necessary,desktop,en,Chrome,Windows,India,MH,Maharashtra,Thane,400605,19.1963,72.9675
27.97.172.140,2026-05-11,07:43:38 UTC,necessary,mobile,en,,Android,India,MH,Maharashtra,Nagpur,440008,21.1463,79.0849
106.221.213.229,2026-05-11,07:59:41 UTC,necessary,mobile,en,,Android,India,MH,Maharashtra,Pune,411001,18.5211,73.8502
103.48.56.47,2026-05-11,08:58:08 UTC,necessary,mobile,en,Safari,iOS,India,MH,Maharashtra,Thane,400605,19.1963,72.9675
49.36.45.79,2026-05-11,11:26:38 UTC,necessary,desktop,en,Firefox,Windows,India,MH,Maharashtra,Nagpur,440010,21.1463,79.0849
223.228.32.117,2026-05-12,04:47:26 UTC,necessary,mobile,en,,Android,India,MH,Maharashtra,Pune,411019,18.5211,73.8502
103.220.81.158,2026-05-13,08:57:06 UTC,necessary,desktop,en,Chrome,Windows,India,MH,Maharashtra,Thane,421204,19.1963,72.9675
49.36.33.177,2026-05-14,05:56:58 UTC,necessary,desktop,en,Chrome,Windows,India,MH,Maharashtra,Nagpur,440010,21.1463,79.0849
103.219.165.112,2026-05-22,05:53:07 UTC,necessary,desktop,en,Chrome,Windows,India,MH,Maharashtra,Thane,400602,19.1963,72.9675
223.185.40.54,2026-06-01,07:24:06 UTC,necessary,desktop,en,Chrome,Windows,India,MH,Maharashtra,Nagpur,440002,21.1463,79.0849
223.228.142.113,2026-06-01,08:14:04 UTC,necessary,mobile,en,,Android,India,MH,Maharashtra,Pune,411007,18.5211,73.8502
103.219.165.49,2026-06-06,04:36:56 UTC,necessary,mobile,en,Chrome,Android,India,MH,Maharashtra,Thane,400602,19.1963,72.9675
49.36.33.17,2026-06-06,04:42:18 UTC,necessary,desktop,en,Chrome,Windows,India,MH,Maharashtra,Nagpur,440010,21.1463,79.0849
47.11.13.139,2026-06-06,11:04:24 UTC,necessary,mobile,en,Vivo Browser,Android,India,MH,Maharashtra,Nagpur,440024,21.1463,79.0849
